"Year Level",Semester,"Subject Code","Descriptive Title",Units,"Subject Type",Pre-Requisite
"First Year","1st Semester",CC101,"Introduction to Computing",3.0,"Major with Lab",
"First Year","1st Semester",CC102,"Fundamentals of Programming (Java)",3.0,"Major with Lab",
"First Year","2nd Semester",CC103,"Intermediate Programming (Adv. Java)",3.0,"Major without Lab",CC102
"First Year","2nd Semester",DS101,"Discrete Structures",3.0,"Major without Lab",
"Second Year","1st Semester",CC104,"Data Structures & Algorithms",3.0,"Major with Lab","CC103, DS101"
"Second Year","1st Semester",GV101,"Intro to Graphics Design",3.0,"Major with Lab",
"Second Year","1st Semester",HCI101,"Introduction to Human Computer Interaction 1",3.0,"Major without Lab",CC101
"Second Year","1st Semester",IM101,"Fundamentals of Database Systems",3.0,"Major with Lab",CC103
"Second Year","1st Semester",OOP101,"Object Oriented Programming",3.0,"Major with Lab",CC103
"Second Year","1st Semester",SP101,"Social and Professional Issues",3.0,"Major without Lab",CC101
"Second Year","2nd Semester",CC105,"Information Management 1",3.0,"Major with Lab","CC103, IM101"
"Second Year","2nd Semester",IP101,"Integrative Programming and Technologies 1",3.0,"Major with Lab","HCI101, IM101"
"Second Year","2nd Semester",MS102,"Quantitative Methods (incl. modeling & Simulation)",3.0,"Major without Lab",CC104
"Second Year","2nd Semester",NET101,"Networking 1",3.0,"Major with Lab",CC103
"Second Year","2nd Semester",PT101,"Platform-based Development (Web Systems)",3.0,"Major without Lab",CC103
"Third Year","1st Semester",CC106,"Application Dev't and Emerging Technologies",3.0,"Major with Lab","CC105, IM101"
"Third Year","1st Semester",IAS101,"Information Assurance and Security 1",3.0,"Major without Lab",NET101
"Third Year","1st Semester",IM102,"Advance Database Systems",3.0,"Major with Lab","CC105, IM101"
"Third Year","1st Semester",ITELEC1,"IT Major Elective 1 (Graphics & Visual Computing)",3.0,"Major with Lab",DS101
"Third Year","1st Semester",NET102,"Networking 2",3.0,"Major with Lab",NET101
"Third Year","1st Semester",SAD311,"System Analysis and Design",3.0,Research/Thesis,
"Third Year","1st Semester",SIA101,"System Integration and Architecture",3.0,"Major without Lab",IP101
"Third Year","2nd Semester",CAPS101,"Capstone Project and Research 1",3.0,Research/Thesis,
"Third Year","2nd Semester",IT312,"Computer Accounting (with SAP)",3.0,"Major with Lab",
"Third Year","2nd Semester",ITELEC2,"IT Major Elective 2 (Data Warehousing)",3.0,"Major with Lab",ITELEC1
"Third Year","2nd Semester",PT102,"Platform-based Dev't (Multimedia Systems)",3.0,"Major with Lab",ITELEC1
"Third Year","2nd Semester",PT103,"Platform-based Development (Android Programming)",3.0,"Major with Lab","CC104, OOP101"
"Third Year","2nd Semester",SE101,"Software Engineering 1",3.0,"Major with Lab","IM101, PT101"
"Fourth Year","1st Semester",CAPS102,"Capstone Project and Research 2",3.0,Research/Thesis,CAPS101
"Fourth Year","1st Semester",ITELEC3,"IT Major Elective 4 (Web Systems & Development 2)",3.0,"Major without Lab","IM102, ITELEC2"
"Fourth Year","1st Semester",ITELEC4,"IT Major Elective 4 (Web Systems & Development 2)",3.0,"Major with Lab","ITELEC2, PT102"
"Fourth Year","1st Semester",OS101,"Operating System",3.0,"Major with Lab",CC104
"Fourth Year","1st Semester",SA101,"System Administration and Maintenance 1",3.0,"Major without Lab",IAS101
"Fourth Year","2nd Semester",PRAC101,"OJT Practicum (486 hours)",3.0,Practicum/OJT,CAPS102
